date,close,open,high,low,volume,amount
2024-09-10,47576.5178417451,47576.5178417451,47576.5178417451,47576.5178417451,262159015.0,226408492.9619
2024-09-11,47022.28407349437,47576.5178417451,47576.5178417451,47022.28407349437,242264900.0,219755948.4114
2024-09-12,46770.01059771426,47022.28407349437,47022.28407349437,46770.01059771426,240084315.0,218571098.6973
2024-09-13,46214.94648313989,46770.01059771426,46770.01059771426,46214.94648313989,251270038.0,227818801.1493
2024-09-18,45741.20682270591,46214.94648313989,46214.94648313989,45741.20682270591,247817132.0,213090588.6447
2024-09-19,47638.53212041725,45741.20682270591,47638.53212041725,45741.20682270591,315208389.0,280536046.232
2024-09-20,47930.86174055681,47638.53212041725,47930.86174055681,47638.53212041725,285644627.0,255433329.8925
2024-09-23,48159.94992694586,47930.86174055681,48159.94992694586,47930.86174055681,257642154.0,235214505.8771
2024-09-24,53363.555779117945,48159.94992694586,53363.555779117945,48159.94992694586,477619545.0,442795296.8688
2024-09-25,58620.58066877803,53363.555779117945,58620.58066877803,53363.555779117945,568259816.0,516698093.5622
2024-09-26,65037.6600679736,58620.58066877803,65037.6600679736,58620.58066877803,576319261.0,524669070.8706
2024-09-27,74468.1497209812,65037.6600679736,74468.1497209812,65037.6600679736,492287163.0,480612559.5395
2024-09-30,97501.46746281946,74468.1497209812,97501.46746281946,74468.1497209812,1102337917.0,1167772549.9904
2024-10-08,125035.24728458212,97501.46746281946,125035.24728458212,97501.46746281946,1313460195.0,1510513250.8171
2024-10-09,125298.99123488809,125035.24728458212,125298.99123488809,125035.24728458212,992757256.0,1264311454.4295
2024-10-10,129578.64845996296,125298.99123488809,129578.64845996296,125298.99123488809,834500257.0,947788514.989
2024-10-11,124862.10773130039,129578.64845996296,129578.64845996296,124862.10773130039,606027433.0,664332794.4619
2024-10-14,129662.67453211834,124862.10773130039,129662.67453211834,124862.10773130039,631466859.0,701499242.5693
2024-10-15,127732.17564060842,129662.67453211834,129662.67453211834,127732.17564060842,566054558.0,619091471.8604
2024-10-16,126605.93770042973,127732.17564060842,127732.17564060842,126605.93770042973,515813997.0,533062408.932
2024-10-17,125785.91995455533,126605.93770042973,126605.93770042973,125785.91995455533,528611772.0,557347351.398
2024-10-18,134660.83784744638,125785.91995455533,134660.83784744638,125785.91995455533,693014623.0,827948922.1391
2024-10-21,141598.57863700986,134660.83784744638,141598.57863700986,134660.83784744638,668150299.0,855781454.0171
2024-10-22,143922.1307170907,141598.57863700986,143922.1307170907,141598.57863700986,574913781.0,698861461.3351
2024-10-23,146568.7236695123,143922.1307170907,146568.7236695123,143922.1307170907,650444128.0,760066419.5499
2024-10-24,145147.67621922083,146568.7236695123,146568.7236695123,145147.67621922083,519827074.0,585248946.9603
2024-10-25,148598.0009175428,145147.67621922083,148598.0009175428,145147.67621922083,595651707.0,677255321.3493
2024-10-28,153391.66734545355,148598.0009175428,153391.66734545355,148598.0009175428,672373131.0,717510218.0189
2024-10-29,153814.16496680758,153391.66734545355,153814.16496680758,153391.66734545355,725326154.0,806573822.2619
2024-10-30,154746.76873853168,153814.16496680758,154746.76873853168,153814.16496680758,669018090.0,730619786.7463
2024-10-31,160312.95195779845,154746.76873853168,160312.95195779845,154746.76873853168,784649094.0,864970968.9626
2024-11-01,158526.12772755767,160312.95195779845,160312.95195779845,158526.12772755767,852055320.0,878112793.9445
2024-11-04,160955.2680527814,158526.12772755767,160955.2680527814,158526.12772755767,665077454.0,692341763.2723
2024-11-05,170057.42863203594,160955.2680527814,170057.42863203594,160955.2680527814,821124902.0,929931429.3686
2024-11-06,176418.09828678984,170057.42863203594,176418.09828678984,170057.42863203594,895855930.0,1026807640.3578
2024-11-07,186005.94399545604,176418.09828678984,186005.94399545604,176418.09828678984,959556680.0,1048841306.1208
2024-11-08,191636.1664221444,186005.94399545604,191636.1664221444,186005.94399545604,964034562.0,1107932295.5714
2024-11-11,199076.38359586938,191636.1664221444,199076.38359586938,191636.1664221444,818025436.0,1024334899.5108
2024-11-12,199023.25013811118,199076.38359586938,199076.38359586938,199023.25013811118,817926524.0,1039600859.2871
2024-11-13,197314.08699472694,199023.25013811118,199023.25013811118,197314.08699472694,673662348.0,829435316.9894
2024-11-14,188298.29435430435,197314.08699472694,197314.08699472694,188298.29435430435,631556690.0,762884198.7843
2024-11-15,181509.91797783214,188298.29435430435,188298.29435430435,181509.91797783214,630285583.0,745937122.4283
2024-11-18,174693.2414749716,181509.91797783214,181509.91797783214,174693.2414749716,743950692.0,755809644.4633
2024-11-19,175413.58097348563,174693.2414749716,175413.58097348563,174693.2414749716,625024151.0,651575376.256
2024-11-20,175846.64307765572,175413.58097348563,175846.64307765572,175413.58097348563,566154289.0,627858323.157
2024-11-21,173462.73317877937,175846.64307765572,175846.64307765572,173462.73317877937,530331830.0,614517433.7001
2024-11-22,166058.07609798043,173462.73317877937,173462.73317877937,166058.07609798043,630687790.0,707626460.3318
2024-11-25,164596.21076907174,166058.07609798043,166058.07609798043,164596.21076907174,538897390.0,596502088.2924
2024-11-26,158594.65696018326,164596.21076907174,164596.21076907174,158594.65696018326,472219304.0,509490596.2608
2024-11-27,159053.97465439493,158594.65696018326,159053.97465439493,158594.65696018326,511202303.0,571617596.0235
2024-11-28,156820.68831239978,159053.97465439493,159053.97465439493,156820.68831239978,511953047.0,558164131.747
2024-11-29,158904.37693970496,156820.68831239978,158904.37693970496,156820.68831239978,580227102.0,663851511.0364
2024-12-02,162601.33385987655,158904.37693970496,162601.33385987655,158904.37693970496,668477762.0,709509517.8363
2024-12-03,162687.060530541,162601.33385987655,162687.060530541,162601.33385987655,663030139.0,683982592.7691
2024-12-04,159891.64392835248,162687.060530541,162687.060530541,159891.64392835248,621028862.0,653467546.7178
2024-12-05,160159.3328568367,159891.64392835248,160159.3328568367,159891.64392835248,543885746.0,565551128.3282
2024-12-06,162651.6318963966,160159.3328568367,162651.6318963966,160159.3328568367,698186572.0,685981058.1135
2024-12-09,161711.19601245283,162651.6318963966,162651.6318963966,161711.19601245283,694905205.0,649443191.2954
2024-12-10,166716.50672483837,161711.19601245283,166716.50672483837,161711.19601245283,794668034.0,860483994.8416
2024-12-11,169175.38413587844,166716.50672483837,169175.38413587844,166716.50672483837,681544610.0,692929618.7028
2024-12-12,171932.94500959406,169175.38413587844,171932.94500959406,169175.38413587844,700096689.0,734168982.7353
2024-12-13,170953.64303425964,171932.94500959406,171932.94500959406,170953.64303425964,777464144.0,850714862.9744
2024-12-16,168054.76524804093,170953.64303425964,170953.64303425964,168054.76524804093,625578996.0,675237492.9205
2024-12-17,160337.74942584298,168054.76524804093,168054.76524804093,160337.74942584298,568941505.0,584789337.2975
2024-12-18,157756.03788428265,160337.74942584298,160337.74942584298,157756.03788428265,512524979.0,539790684.4202
2024-12-19,155480.49378204427,157756.03788428265,157756.03788428265,155480.49378204427,513909063.0,559130979.0003
2024-12-20,154788.9036308666,155480.49378204427,155480.49378204427,154788.9036308666,490964621.0,596821938.6438
2024-12-23,147355.60371041944,154788.9036308666,154788.9036308666,147355.60371041944,556747248.0,623117789.2961
2024-12-24,145635.42690257414,147355.60371041944,147355.60371041944,145635.42690257414,471992673.0,530758037.565
2024-12-25,140045.92655251175,145635.42690257414,145635.42690257414,140045.92655251175,471315592.0,522168241.8942
2024-12-26,138677.63218231284,140045.92655251175,140045.92655251175,138677.63218231284,422177271.0,518937022.5534
2024-12-27,137522.56668712918,138677.63218231284,138677.63218231284,137522.56668712918,500488130.0,586090438.9394
2024-12-30,133478.91399250174,137522.56668712918,137522.56668712918,133478.91399250174,455262383.0,522245330.1695
2024-12-31,128419.50011914175,133478.91399250174,133478.91399250174,128419.50011914175,502731062.0,562584237.4311
2025-01-02,125069.63333062874,128419.50011914175,128419.50011914175,125069.63333062874,561375199.0,603340526.7398
2025-01-03,119820.03884653641,125069.63333062874,125069.63333062874,119820.03884653641,517592014.0,523159754.7066
2025-01-06,116633.81908196336,119820.03884653641,119820.03884653641,116633.81908196336,430978403.0,444188212.8311
2025-01-07,117226.74601680071,116633.81908196336,117226.74601680071,116633.81908196336,409660529.0,436388386.572
2025-01-08,116663.65965203849,117226.74601680071,117226.74601680071,116663.65965203849,472864390.0,508148444.8637
2025-01-09,115219.68179842985,116663.65965203849,116663.65965203849,115219.68179842985,382943557.0,434445510.3302
2025-01-10,110804.58885916983,115219.68179842985,115219.68179842985,110804.58885916983,403663348.0,465939368.0474
2025-01-13,108252.11096865544,110804.58885916983,110804.58885916983,108252.11096865544,372742023.0,411773991.8035
2025-01-14,113965.22193738156,108252.11096865544,113965.22193738156,108252.11096865544,469212704.0,538983836.0025
2025-01-15,112387.42472219821,113965.22193738156,113965.22193738156,112387.42472219821,404723199.0,466216166.9437
2025-01-16,112770.63546454223,112387.42472219821,112770.63546454223,112387.42472219821,430655539.0,499055442.4444
2025-01-17,111451.46020391803,112770.63546454223,112770.63546454223,111451.46020391803,383599260.0,456553132.9604
2025-01-20,111103.40464327812,111451.46020391803,111451.46020391803,111103.40464327812,403337948.0,469741031.3975
2025-01-21,110095.00198827099,111103.40464327812,111103.40464327812,110095.00198827099,384583718.0,468263378.8977
2025-01-22,107239.29823739605,110095.00198827099,110095.00198827099,107239.29823739605,364817518.0,452312867.4313
2025-01-23,107280.90327260594,107239.29823739605,107280.90327260594,107239.29823739605,458246803.0,539800587.2266
2025-01-24,107968.19054758461,107280.90327260594,107968.19054758461,107280.90327260594,398653033.0,480685057.9732
2025-01-27,104779.65044046003,107968.19054758461,107968.19054758461,104779.65044046003,387467642.0,450231535.7603
2025-02-05,105515.29891838798,104779.65044046003,105515.29891838798,104779.65044046003,406388181.0,521103029.3444
2025-02-06,110124.99870190783,105515.29891838798,110124.99870190783,105515.29891838798,460842730.0,590421697.7539
2025-02-07,116482.72413575163,110124.99870190783,116482.72413575163,110124.99870190783,600558451.0,757613811.1794
2025-02-10,121580.72516182179,116482.72413575163,121580.72516182179,116482.72413575163,546589749.0,677038155.5199
2025-02-11,122841.74783469933,121580.72516182179,122841.74783469933,121580.72516182179,511943541.0,632166670.8705
2025-02-12,126260.75120685845,122841.74783469933,126260.75120685845,122841.74783469933,513437828.0,647387578.5034
2025-02-13,127465.16630840476,126260.75120685845,127465.16630840476,126260.75120685845,568631161.0,705799791.9541
2025-02-14,129679.53726196713,127465.16630840476,129679.53726196713,127465.16630840476,532332965.0,667555376.4115
2025-02-17,133839.839750865,129679.53726196713,133839.839750865,129679.53726196713,589546569.0,750113054.9352
2025-02-18,132318.66474197924,133839.839750865,133839.839750865,132318.66474197924,562679240.0,696798784.1443
2025-02-19,136282.5951824704,132318.66474197924,136282.5951824704,132318.66474197924,502912965.0,675146370.3795
2025-02-20,138316.71469158796,136282.5951824704,138316.71469158796,136282.5951824704,504357114.0,670099045.6574
2025-02-21,144430.56450571035,138316.71469158796,144430.56450571035,138316.71469158796,608190206.0,855656954.7735
2025-02-24,146877.60056152949,144430.56450571035,146877.60056152949,144430.56450571035,598188203.0,802847050.0678
2025-02-25,147153.55208528976,146877.60056152949,147153.55208528976,146877.60056152949,527578562.0,727509770.0701
2025-02-26,150402.3640948212,147153.55208528976,150402.3640948212,147153.55208528976,553992031.0,747887357.8575
2025-02-27,151851.10206841564,150402.3640948212,151851.10206841564,150402.3640948212,575815020.0,774059980.112
2025-02-28,146917.81805487178,151851.10206841564,151851.10206841564,146917.81805487178,568319504.0,758054890.3593
2025-03-03,146786.54421106033,146917.81805487178,146917.81805487178,146786.54421106033,502417862.0,643980682.9818
2025-03-04,146799.77877778286,146786.54421106033,146799.77877778286,146786.54421106033,429996111.0,568728427.1907
2025-03-05,145804.12058807092,146799.77877778286,146799.77877778286,145804.12058807092,460952696.0,587767599.7996
2025-03-06,149484.22087139945,145804.12058807092,149484.22087139945,145804.12058807092,539992709.0,736438106.6717
2025-03-07,148900.99090783912,149484.22087139945,149484.22087139945,148900.99090783912,517663551.0,687879051.0044
2025-03-10,147349.44461279252,148900.99090783912,148900.99090783912,147349.44461279252,450380832.0,595026433.9233
2025-03-11,145924.19727378324,147349.44461279252,147349.44461279252,145924.19727378324,448468323.0,592285777.9471
2025-03-12,146227.85976107794,145924.19727378324,146227.85976107794,145924.19727378324,502195100.0,648501625.8542
2025-03-13,143498.1115934556,146227.85976107794,146227.85976107794,143498.1115934556,519013479.0,636211623.471
2025-03-14,146817.11410846267,143498.1115934556,146817.11410846267,143498.1115934556,582663388.0,750041647.1639
2025-03-17,146464.65980481968,146817.11410846267,146817.11410846267,146464.65980481968,515685138.0,639349980.3611
2025-03-18,145468.2384832897,146464.65980481968,146464.65980481968,145468.2384832897,454916063.0,586338207.3255
2025-03-19,142090.18399482386,145468.2384832897,145468.2384832897,142090.18399482386,440316299.0,559970207.9068
2025-03-20,139652.29459793368,142090.18399482386,142090.18399482386,139652.29459793368,451630682.0,565607596.5588
2025-03-21,136351.9477082667,139652.29459793368,139652.29459793368,136351.9477082667,520862630.0,623164007.2972
2025-03-24,133813.71654555982,136351.9477082667,136351.9477082667,133813.71654555982,513310260.0,586745474.406
2025-03-25,130643.40656264934,133813.71654555982,133813.71654555982,130643.40656264934,456357393.0,516435662.209
2025-03-26,128681.7647451117,130643.40656264934,130643.40656264934,128681.7647451117,428533770.0,485185602.2788
2025-03-27,125524.92431221897,128681.7647451117,128681.7647451117,125524.92431221897,414776314.0,496457111.68
2025-03-28,121235.3234538409,125524.92431221897,125524.92431221897,121235.3234538409,412284289.0,468807615.3431
2025-03-31,118407.42224392843,121235.3234538409,121235.3234538409,118407.42224392843,472571978.0,531475775.8441
2025-04-01,116923.3461778343,118407.42224392843,118407.42224392843,116923.3461778343,422588670.0,499415666.0192
2025-04-02,113756.4374674558,116923.3461778343,116923.3461778343,113756.4374674558,350127364.0,411666039.5179
2025-04-03,110877.75076532923,113756.4374674558,113756.4374674558,110877.75076532923,400517827.0,486510412.9864
2025-04-07,99779.0111329534,110877.75076532923,110877.75076532923,99779.0111329534,662199584.0,735367327.4815
2025-04-08,103828.91541474682,99779.0111329534,103828.91541474682,99779.0111329534,662242387.0,730166160.6547
2025-04-09,110468.01537445167,103828.91541474682,110468.01537445167,103828.91541474682,684797174.0,755430247.4441
2025-04-10,115396.01750872556,110468.01537445167,115396.01750872556,110468.01537445167,591208273.0,682356544.7556
2025-04-11,116033.15331381778,115396.01750872556,116033.15331381778,115396.01750872556,475531804.0,580791402.1937
2025-04-14,117137.86802960762,116033.15331381778,117137.86802960762,116033.15331381778,471373220.0,543811431.5339
2025-04-15,114561.68260087541,117137.86802960762,117137.86802960762,114561.68260087541,396662895.0,456332610.4195
2025-04-16,111243.4656818659,114561.68260087541,114561.68260087541,111243.4656818659,429534854.0,489200692.6515
2025-04-17,109221.63097492894,111243.4656818659,111243.4656818659,109221.63097492894,382012698.0,442596764.018
2025-04-18,106190.90721677733,109221.63097492894,109221.63097492894,106190.90721677733,358836193.0,380313472.554
2025-04-21,106180.26544886116,106190.90721677733,106190.90721677733,106180.26544886116,379307588.0,429391687.7598
2025-04-22,104961.70161723782,106180.26544886116,106180.26544886116,104961.70161723782,403167615.0,452675441.997
2025-04-23,105043.13959482737,104961.70161723782,105043.13959482737,104961.70161723782,411633212.0,486209315.161
2025-04-24,102985.0539292623,105043.13959482737,105043.13959482737,102985.0539292623,392844749.0,434706037.2252
2025-04-25,102226.50680993263,102985.0539292623,102985.0539292623,102226.50680993263,411043192.0,445417627.3326
2025-04-28,99688.57244925672,102226.50680993263,102226.50680993263,99688.57244925672,410665863.0,441916383.127
2025-04-29,98943.90551056372,99688.57244925672,99688.57244925672,98943.90551056372,388961672.0,430881033.5035
2025-04-30,99622.91202550517,98943.90551056372,99622.91202550517,98943.90551056372,435794335.0,505572584.2248
2025-05-06,103341.13097038663,99622.91202550517,103341.13097038663,99622.91202550517,474369617.0,551825065.6245
2025-05-07,105913.16926599093,103341.13097038663,105913.16926599093,103341.13097038663,511159606.0,595230089.0568
2025-05-08,107332.2736150069,105913.16926599093,107332.2736150069,105913.16926599093,428377766.0,501611375.4802
2025-05-09,105732.65569376992,107332.2736150069,107332.2736150069,105732.65569376992,398909191.0,464862361.5335
2025-05-12,107332.64641973218,105732.65569376992,107332.64641973218,105732.65569376992,418239910.0,522080702.3573
2025-05-13,106984.98599710416,107332.64641973218,107332.64641973218,106984.98599710416,426240700.0,506608943.7803
2025-05-14,107429.73079649554,106984.98599710416,107429.73079649554,106984.98599710416,464934441.0,534872944.6268
2025-05-15,105631.2076850345,107429.73079649554,107429.73079649554,105631.2076850345,424100916.0,461292249.4337
2025-05-16,104890.40307178597,105631.2076850345,105631.2076850345,104890.40307178597,395401030.0,435647042.6642
2025-05-19,104691.4694538164,104890.40307178597,104890.40307178597,104691.4694538164,403074805.0,437177569.2193
2025-05-20,105264.01249882834,104691.4694538164,105264.01249882834,104691.4694538164,405544534.0,450290477.2032
2025-05-21,104460.38961838836,105264.01249882834,105264.01249882834,104460.38961838836,412496165.0,465956993.3721
2025-05-22,102482.04693378927,104460.38961838836,104460.38961838836,102482.04693378927,394217206.0,438334515.3354
2025-05-23,100990.7995436755,102482.04693378927,102482.04693378927,100990.7995436755,400227004.0,468587869.6215
2025-05-26,100254.3266976409,100990.7995436755,100990.7995436755,100254.3266976409,347562101.0,400526568.3625
2025-05-27,98945.65153088223,100254.3266976409,100254.3266976409,98945.65153088223,344071157.0,394408732.8801
2025-05-28,97584.79713452868,98945.65153088223,98945.65153088223,97584.79713452868,341555443.0,389341214.7082
2025-05-29,99701.95019952866,97584.79713452868,99701.95019952866,97584.79713452868,393233806.0,453741382.1708
2025-05-30,98447.93126769667,99701.95019952866,99701.95019952866,98447.93126769667,385602170.0,443358967.7226
2025-06-03,99102.10993431357,98447.93126769667,99102.10993431357,98447.93126769667,398060772.0,468292670.251
2025-06-04,100013.99985350446,99102.10993431357,100013.99985350446,99102.10993431357,386494643.0,446844610.6922
2025-06-05,101147.37705313713,100013.99985350446,101147.37705313713,100013.99985350446,406252093.0,498241228.9009
2025-06-06,100785.33587739975,101147.37705313713,101147.37705313713,100785.33587739975,380122886.0,452743716.1064
2025-06-09,102664.03940273626,100785.33587739975,102664.03940273626,100785.33587739975,427347947.0,511879936.9684
2025-06-10,103855.10099998761,102664.03940273626,103855.10099998761,102664.03940273626,481618568.0,557427629.0048
2025-06-11,104674.92989321727,103855.10099998761,104674.92989321727,103855.10099998761,424090313.0,501807385.818
2025-06-12,105105.58167501645,104674.92989321727,105105.58167501645,104674.92989321727,409490610.0,501624560.6372
2025-06-13,105239.07545285621,105105.58167501645,105239.07545285621,105105.58167501645,510065221.0,605384839.3912
2025-06-16,105472.71039707896,105239.07545285621,105472.71039707896,105239.07545285621,405383278.0,481594409.5263
2025-06-17,105027.84811726245,105472.71039707896,105472.71039707896,105027.84811726245,390012447.0,458038158.6783
2025-06-18,104673.94428561727,105027.84811726245,105027.84811726245,104673.94428561727,378684891.0,441011095.449
2025-06-19,103201.19018032556,104673.94428561727,104673.94428561727,103201.19018032556,415327655.0,473258595.4311
2025-06-20,101348.9176001481,103201.19018032556,103201.19018032556,101348.9176001481,350223662.0,410873272.6198
2025-06-23,102483.54408611031,101348.9176001481,102483.54408611031,101348.9176001481,384561397.0,442789178.4695
2025-06-24,106108.12964844656,102483.54408611031,106108.12964844656,102483.54408611031,460963800.0,544882077.6366
2025-06-25,110026.37312964123,106108.12964844656,110026.37312964123,106108.12964844656,509384064.0,620173277.605
2025-06-26,112311.89766199181,110026.37312964123,112311.89766199181,110026.37312964123,496541077.0,603095111.8968
2025-06-27,114697.10426917882,112311.89766199181,114697.10426917882,112311.89766199181,523129432.0,605731616.2577
2025-06-30,117391.90773358144,114697.10426917882,117391.90773358144,114697.10426917882,457348049.0,567137246.0341
2025-07-01,118795.72900868446,117391.90773358144,118795.72900868446,117391.90773358144,444356739.0,553556536.1571
2025-07-02,118571.8915636416,118795.72900868446,118795.72900868446,118571.8915636416,498116776.0,543130721.6941
2025-07-03,119266.50747506075,118571.8915636416,119266.50747506075,118571.8915636416,438543465.0,500211767.7562
2025-07-04,118855.87979082954,119266.50747506075,119266.50747506075,118855.87979082954,500195210.0,567241277.895
2025-07-07,117843.79582021081,118855.87979082954,118855.87979082954,117843.79582021081,436631340.0,476197431.4228
2025-07-08,119798.22904952288,117843.79582021081,119798.22904952288,117843.79582021081,493484773.0,567506524.7607
2025-07-09,120322.90613950632,119798.22904952288,120322.90613950632,119798.22904952288,523920088.0,595962525.1119
2025-07-10,121179.92791123343,120322.90613950632,121179.92791123343,120322.90613950632,564159805.0,613160543.9482
2025-07-11,124060.79552882908,121179.92791123343,124060.79552882908,121179.92791123343,664185249.0,753549049.0707
2025-07-14,124471.05104720316,124060.79552882908,124471.05104720316,124060.79552882908,572084705.0,623102482.2784
2025-07-15,124923.53158848303,124471.05104720316,124923.53158848303,124471.05104720316,572074726.0,646851665.1467
2025-07-16,124694.63375754507,124923.53158848303,124923.53158848303,124694.63375754507,470878578.0,572419318.6503
2025-07-17,125871.45408806209,124694.63375754507,125871.45408806209,124694.63375754507,472211056.0,609791010.2576
2025-07-18,126346.99441220482,125871.45408806209,126346.99441220482,125871.45408806209,493484088.0,643627574.9286
2025-07-21,129259.85501768855,126346.99441220482,129259.85501768855,126346.99441220482,633649736.0,730905862.9054
2025-07-22,132656.0546544488,129259.85501768855,132656.0546544488,129259.85501768855,716155230.0,840573441.8711
2025-07-23,134353.7307557749,132656.0546544488,134353.7307557749,132656.0546544488,767672388.0,857045959.5341
2025-07-24,138316.25520581586,134353.7307557749,138316.25520581586,134353.7307557749,773265835.0,852239625.2565
2025-07-25,139823.39493813968,138316.25520581586,139823.39493813968,138316.25520581586,697189549.0,821609575.947
2025-07-28,141162.43965075602,139823.39493813968,141162.43965075602,139823.39493813968,594187877.0,761265438.4323
2025-07-29,142561.93777565323,141162.43965075602,142561.93777565323,141162.43965075602,610642058.0,793606423.7045
2025-07-30,142749.7337532499,142561.93777565323,142749.7337532499,142561.93777565323,637221916.0,819627949.1139
2025-07-31,142840.74098661973,142749.7337532499,142840.74098661973,142749.7337532499,654509349.0,845893058.0582
2025-08-01,142071.72069388887,142840.74098661973,142840.74098661973,142071.72069388887,509563080.0,684645226.0213
2025-08-04,141693.101684668,142071.72069388887,142071.72069388887,141693.101684668,458573618.0,639775598.4567
2025-08-05,142009.43815620022,141693.101684668,142009.43815620022,141693.101684668,499797780.0,656382505.1018
2025-08-06,143595.729974309,142009.43815620022,143595.729974309,142009.43815620022,512467273.0,707221251.6075
2025-08-07,144555.80389493375,143595.729974309,144555.80389493375,143595.729974309,535501202.0,749699997.3363
2025-08-08,144076.9678665291,144555.80389493375,144555.80389493375,144076.9678665291,526407572.0,713569731.1415
2025-08-11,146909.97043659515,144076.9678665291,146909.97043659515,144076.9678665291,551393348.0,751329446.7775
2025-08-12,147758.55215607397,146909.97043659515,147758.55215607397,146909.97043659515,536623739.0,778161034.2482
2025-08-13,151577.6640750083,147758.55215607397,151577.6640750083,147758.55215607397,613528884.0,887022595.7193
2025-08-14,152526.9618518683,151577.6640750083,152526.9618518683,151577.6640750083,647829587.0,949464273.6235
2025-08-15,158196.83660293865,152526.9618518683,158196.83660293865,152526.9618518683,678521703.0,960624988.909
2025-08-18,167492.20348174727,158196.83660293865,167492.20348174727,158196.83660293865,776016669.0,1133941943.1577
2025-08-19,172615.87961964778,167492.20348174727,172615.87961964778,167492.20348174727,696099750.0,1060899235.6684
2025-08-20,177250.1543305418,172615.87961964778,177250.1543305418,172615.87961964778,679836426.0,1017500164.0639
2025-08-21,178835.93270085604,177250.1543305418,178835.93270085604,177250.1543305418,691552959.0,997741900.7503
2025-08-22,183420.31124179234,178835.93270085604,183420.31124179234,178835.93270085604,698136277.0,1095091495.7102
2025-08-25,192793.0245911678,183420.31124179234,192793.0245911678,183420.31124179234,885474802.0,1360903869.0367
2025-08-26,195653.54593616512,192793.0245911678,195653.54593616512,192793.0245911678,734565305.0,1114187895.2502
2025-08-27,198112.6669554426,195653.54593616512,198112.6669554426,195653.54593616512,858633499.0,1326848744.0182
2025-08-28,205388.24288212,198112.6669554426,205388.24288212,198112.6669554426,788351947.0,1265185534.1951
2025-08-29,206742.8674596663,205388.24288212,206742.8674596663,205388.24288212,739462366.0,1221691851.556
2025-09-01,210512.46875394753,206742.8674596663,210512.46875394753,206742.8674596663,747709536.0,1208347980.8561
2025-09-02,208745.14886017065,210512.46875394753,210512.46875394753,208745.14886017065,762618833.0,1222777663.9974
2025-09-03,203892.92543661865,208745.14886017065,208745.14886017065,203892.92543661865,645668510.0,1012296084.0032
2025-09-04,201513.3681551273,203892.92543661865,203892.92543661865,201513.3681551273,710227933.0,1107892043.2037
2025-09-05,206093.06187990928,201513.3681551273,206093.06187990928,201513.3681551273,626223380.0,979061710.2211
2025-09-08,207225.41669012877,206093.06187990928,207225.41669012877,206093.06187990928,660066898.0,1025883749.952
2025-09-09,202227.04988365373,207225.41669012877,207225.41669012877,202227.04988365373,600239380.0,917795306.2257
2025-09-10,198713.90294363763,202227.04988365373,202227.04988365373,198713.90294363763,534539825.0,821113584.5222
2025-09-11,202292.3752192356,198713.90294363763,202292.3752192356,198713.90294363763,617012930.0,1016794001.3821
2025-09-12,202922.70102006392,202292.3752192356,202922.70102006392,202292.3752192356,700641784.0,1093807300.6635
2025-09-15,201442.3097331825,202922.70102006392,202922.70102006392,201442.3097331825,644793944.0,986171993.9404
2025-09-16,203148.8760392339,201442.3097331825,203148.8760392339,201442.3097331825,673439723.0,989786137.9216
2025-09-17,203723.6005352404,203148.8760392339,203723.6005352404,203148.8760392339,663434713.0,1006679080.9142
2025-09-18,206758.90602992353,203723.6005352404,206758.90602992353,203723.6005352404,876027389.0,1365962423.6401
2025-09-19,204345.17670594962,206758.90602992353,206758.90602992353,204345.17670594962,682292613.0,1016348310.666
2025-09-22,202227.4255549144,204345.17670594962,204345.17670594962,202227.4255549144,568325686.0,941799982.0649
2025-09-23,200742.9916448246,202227.4255549144,202227.4255549144,200742.9916448246,701902868.0,1071697826.1381
2025-09-24,203175.12159848222,200742.9916448246,203175.12159848222,200742.9916448246,602056670.0,1015707870.4547
2025-09-25,201139.09894293753,203175.12159848222,203175.12159848222,201139.09894293753,589950531.0,1001211369.1138
2025-09-26,196449.4904530202,201139.09894293753,201139.09894293753,196449.4904530202,551275335.0,927864903.4168
2025-09-29,196773.9544398021,196449.4904530202,196773.9544398021,196449.4904530202,608466399.0,968212397.5721
2025-09-30,196134.2130630146,196773.9544398021,196773.9544398021,196134.2130630146,569734631.0,973274951.6486
2025-10-09,199929.68337413736,196134.2130630146,199929.68337413736,196134.2130630146,725218501.0,1216888716.0622
2025-10-10,197706.03097807587,199929.68337413736,199929.68337413736,197706.03097807587,718917673.0,1132127151.7345
2025-10-13,197212.91334905935,197706.03097807587,197706.03097807587,197212.91334905935,709506101.0,1085413591.3255
2025-10-14,194471.38094051817,197212.91334905935,197212.91334905935,194471.38094051817,800839631.0,1209983827.6837
2025-10-15,194662.3638097697,194471.38094051817,194662.3638097697,194471.38094051817,645012955.0,961552165.6352
2025-10-16,189517.28602305904,194662.3638097697,194662.3638097697,189517.28602305904,595451491.0,869264580.4647
2025-10-17,182079.69507800174,189517.28602305904,189517.28602305904,182079.69507800174,617563018.0,873181597.9486
2025-10-20,180408.89602750124,182079.69507800174,182079.69507800174,180408.89602750124,549261712.0,772503219.6318
2025-10-21,180967.5197463449,180408.89602750124,180967.5197463449,180408.89602750124,599415713.0,837938398.3148
2025-10-22,176458.15596818295,180967.5197463449,180967.5197463449,176458.15596818295,543117344.0,741524798.4466
2025-10-23,173412.66183140303,176458.15596818295,176458.15596818295,173412.66183140303,565189264.0,718931051.9724
2025-10-24,174226.91959307995,173412.66183140303,174226.91959307995,173412.66183140303,567858443.0,858491253.2107
2025-10-27,177107.2782307489,174226.91959307995,177107.2782307489,174226.91959307995,637589545.0,1043404043.2035
2025-10-28,176948.96725244244,177107.2782307489,177107.2782307489,176948.96725244244,577357684.0,940760864.4693
2025-10-29,179381.0946331337,176948.96725244244,179381.0946331337,176948.96725244244,612917466.0,968215713.2639
2025-10-30,179543.83776184337,179381.0946331337,179543.83776184337,179381.0946331337,668485609.0,1070058589.3948
2025-10-31,181225.46101929157,179543.83776184337,181225.46101929157,179543.83776184337,675615406.0,1031104616.8294
2025-11-03,181716.36139086448,181225.46101929157,181716.36139086448,181225.46101929157,641245945.0,941703699.2636
2025-11-04,177982.64774240073,181716.36139086448,181716.36139086448,177982.64774240073,615493792.0,852938368.4296
2025-11-05,177556.49403303728,177982.64774240073,177982.64774240073,177556.49403303728,614991618.0,827133576.9498
2025-11-06,178404.1570948561,177556.49403303728,178404.1570948561,177556.49403303728,627367547.0,930275554.3548
2025-11-07,177375.10601456685,178404.1570948561,178404.1570948561,177375.10601456685,596507034.0,875486746.3911
2025-11-10,178865.37069354797,177375.10601456685,178865.37069354797,177375.10601456685,634049993.0,960588645.7624
2025-11-11,178491.2368173017,178865.37069354797,178865.37069354797,178491.2368173017,581994921.0,858362142.5527
2025-11-12,176678.13859813084,178491.2368173017,178491.2368173017,176678.13859813084,586193228.0,840467209.8901
2025-11-13,179708.34060309554,176678.13859813084,179708.34060309554,176678.13859813084,613031061.0,876400923.5967
2025-11-14,178336.7009225871,179708.34060309554,179708.34060309554,178336.7009225871,622017118.0,837969502.2033
2025-11-17,178291.70824617642,178336.7009225871,178336.7009225871,178291.70824617642,592017950.0,805733125.739
2025-11-18,175642.14844643674,178291.70824617642,178291.70824617642,175642.14844643674,594411046.0,790948598.3913
2025-11-19,172036.01762792416,175642.14844643674,175642.14844643674,172036.01762792416,531149601.0,720908759.2239
2025-11-20,168894.76340339065,172036.01762792416,172036.01762792416,168894.76340339065,534749540.0,711341284.0043
2025-11-21,162999.81640140136,168894.76340339065,168894.76340339065,162999.81640140136,631646251.0,824931134.7897
2025-11-24,163441.68218547746,162999.81640140136,163441.68218547746,162999.81640140136,504601716.0,715539247.3609
2025-11-25,164457.5034599409,163441.68218547746,164457.5034599409,163441.68218547746,478727611.0,722788782.8195
2025-11-26,162212.75245842893,164457.5034599409,164457.5034599409,162212.75245842893,457589755.0,701019872.5289
2025-11-27,160704.84262696528,162212.75245842893,162212.75245842893,160704.84262696528,444021947.0,698519107.2485
2025-11-28,159981.64293417786,160704.84262696528,160704.84262696528,159981.64293417786,449931973.0,645755815.1049
2025-12-01,161303.17731833566,159981.64293417786,161303.17731833566,159981.64293417786,537554133.0,785658341.8602
2025-12-02,158339.09139746643,161303.17731833566,161303.17731833566,158339.09139746643,455584494.0,627440672.4625
2025-12-03,155879.04945146714,158339.09139746643,158339.09139746643,155879.04945146714,485617270.0,647166528.2032
2025-12-04,153010.35978618948,155879.04945146714,155879.04945146714,153010.35978618948,445040290.0,623712571.5154
2025-12-05,154432.65388157082,153010.35978618948,154432.65388157082,153010.35978618948,500368768.0,716742448.877
2025-12-08,157618.03206585752,154432.65388157082,157618.03206585752,154432.65388157082,547349789.0,839439003.4334
2025-12-09,156658.4059488829,157618.03206585752,157618.03206585752,156658.4059488829,524538256.0,781160399.409
2025-12-10,156093.40904176366,156658.4059488829,156658.4059488829,156093.40904176366,497331504.0,730359828.4451
2025-12-11,154274.05866240506,156093.40904176366,156093.40904176366,154274.05866240506,525658600.0,764350151.5785
2025-12-12,156493.61901701702,154274.05866240506,156493.61901701702,154274.05866240506,573947130.0,909950905.4609
2025-12-15,154911.98278726733,156493.61901701702,156493.61901701702,154911.98278726733,500922790.0,764604815.504
2025-12-16,151947.3029788325,154911.98278726733,154911.98278726733,151947.3029788325,512494827.0,733294004.0204
2025-12-17,153558.79509115056,151947.3029788325,153558.79509115056,151947.3029788325,512313692.0,766820526.3426
2025-12-18,152123.69576196437,153558.79509115056,153558.79509115056,152123.69576196437,461172625.0,704895595.1791
2025-12-19,153391.90634811026,152123.69576196437,153391.90634811026,152123.69576196437,513511893.0,738066004.8156
2025-12-22,155037.21892147706,153391.90634811026,155037.21892147706,153391.90634811026,522938992.0,789756386.7523
2025-12-23,155080.39759574804,155037.21892147706,155080.39759574804,155037.21892147706,521156952.0,806853443.041
2025-12-24,157326.89167635152,155080.39759574804,157326.89167635152,155080.39759574804,474896447.0,773928624.4676
2025-12-25,158733.423647135,157326.89167635152,158733.423647135,157326.89167635152,469313093.0,785018650.0911
2025-12-26,161024.51268887927,158733.423647135,161024.51268887927,158733.423647135,555489592.0,893644363.9347
2025-12-29,161903.03702995952,161024.51268887927,161903.03702995952,161024.51268887927,563687197.0,903819726.7646
2025-12-30,162437.87789554268,161903.03702995952,162437.87789554268,161903.03702995952,525932588.0,887533318.5884
2025-12-31,162773.48889394727,162437.87789554268,162773.48889394727,162437.87789554268,490751490.0,829511897.4949
2026-01-05,169270.97074951744,162773.48889394727,169270.97074951744,162773.48889394727,596950455.0,1067334169.2015
2026-01-06,177317.55070479616,169270.97074951744,177317.55070479616,169270.97074951744,702472270.0,1175768705.035
2026-01-07,183426.79558162155,177317.55070479616,183426.79558162155,177317.55070479616,683384352.0,1197422798.2767
2026-01-08,189683.54962378382,183426.79558162155,189683.54962378382,183426.79558162155,666131337.0,1183188755.9514
2026-01-09,198670.89830427212,189683.54962378382,198670.89830427212,189683.54962378382,729837985.0,1289205972.2632
2026-01-12,213023.9562009446,198670.89830427212,213023.9562009446,198670.89830427212,839456089.0,1446230122.0053
2026-01-13,217935.88454941695,213023.9562009446,217935.88454941695,213023.9562009446,868382717.0,1481574218.6134
2026-01-14,229931.926663762,217935.88454941695,229931.926663762,217935.88454941695,952551289.0,1607041237.7679
2026-01-15,230180.5892124108,229931.926663762,230180.5892124108,229931.926663762,680250791.0,1175915097.3961
2026-01-16,232062.92090626803,230180.5892124108,232062.92090626803,230180.5892124108,763588465.0,1338017280.024
2026-01-19,232710.98436921256,232062.92090626803,232710.98436921256,232062.92090626803,688905870.0,1190137813.599
2026-01-20,230966.07007477526,232710.98436921256,232710.98436921256,230966.07007477526,734362496.0,1221485626.2085
2026-01-21,231667.2681380586,230966.07007477526,231667.2681380586,230966.07007477526,666989507.0,1180184557.0062
2026-01-22,233209.77952224464,231667.2681380586,233209.77952224464,231667.2681380586,709695409.0,1201764210.2374
2026-01-23,240113.16990548593,233209.77952224464,240113.16990548593,233209.77952224464,782115454.0,1336857054.8376
2026-01-26,240890.444131591,240113.16990548593,240890.444131591,240113.16990548593,887439731.0,1451859840.0273
2026-01-27,242669.36177022805,240890.444131591,242669.36177022805,240890.444131591,754990869.0,1289432378.9454
2026-01-28,243452.67099786538,242669.36177022805,243452.67099786538,242669.36177022805,823026748.0,1365526057.112
2026-01-29,244371.26480237988,243452.67099786538,244371.26480237988,243452.67099786538,905908371.0,1485795395.4162
2026-01-30,242277.0191737275,244371.26480237988,244371.26480237988,242277.0191737275,804342746.0,1269855689.0279
2026-02-02,232663.01168296745,242277.0191737275,242277.0191737275,232663.01168296745,732953698.0,1163532654.1618
2026-02-03,235374.87229790952,232663.01168296745,235374.87229790952,232663.01168296745,637684249.0,1110720213.0163
2026-02-04,233125.54447876854,235374.87229790952,235374.87229790952,233125.54447876854,674254244.0,1063544769.9283
2026-02-05,225398.51785638492,233125.54447876854,233125.54447876854,225398.51785638492,596722236.0,946988891.2706
2026-02-06,221225.50249156362,225398.51785638492,225398.51785638492,221225.50249156362,556709801.0,898655032.959
2026-02-09,221961.06820710227,221225.50249156362,221961.06820710227,221225.50249156362,572632582.0,949726335.9658
2026-02-10,217542.7928557412,221961.06820710227,221961.06820710227,217542.7928557412,524620969.0,882201747.0438
2026-02-11,212267.85211555613,217542.7928557412,217542.7928557412,212267.85211555613,500685278.0,822607547.2508
2026-02-12,209377.7039266134,212267.85211555613,212267.85211555613,209377.7039266134,529370116.0,897955034.8388
2026-02-13,203261.06371445916,209377.7039266134,209377.7039266134,203261.06371445916,500799472.0,846808337.4621
2026-02-24,203626.1238939259,203261.06371445916,203626.1238939259,203261.06371445916,566322249.0,938611375.9998
2026-02-25,206694.2082357568,203626.1238939259,206694.2082357568,203626.1238939259,724787214.0,1085969561.1741
2026-02-26,208276.40482951986,206694.2082357568,208276.40482951986,206694.2082357568,651702826.0,1067198717.4341
2026-02-27,209708.43922127964,208276.40482951986,209708.43922127964,208276.40482951986,682047646.0,1072367831.6098
2026-03-02,211533.4910118474,209708.43922127964,211533.4910118474,209708.43922127964,861579218.0,1345892469.3952
2026-03-03,208882.75701921928,211533.4910118474,211533.4910118474,208882.75701921928,921139170.0,1425790202.3362
2026-03-04,206979.21467972914,208882.75701921928,208882.75701921928,206979.21467972914,765169531.0,1113081986.0775
2026-03-05,207631.5772976222,206979.21467972914,207631.5772976222,206979.21467972914,689746535.0,1068043734.805
2026-03-06,207224.80708997144,207631.5772976222,207631.5772976222,207224.80708997144,646765760.0,978805927.0539
2026-03-09,206851.42818270097,207224.80708997144,207224.80708997144,206851.42818270097,797803556.0,1194106193.2084
2026-03-10,208908.08860929377,206851.42818270097,208908.08860929377,206851.42818270097,674922194.0,1036427205.2934
2026-03-11,208661.61135501633,208908.08860929377,208908.08860929377,208661.61135501633,707727169.0,1063600874.3943
2026-03-12,206768.02463916934,208661.61135501633,208661.61135501633,206768.02463916934,786151182.0,1078215329.7731
2026-03-13,204099.55003816896,206768.02463916934,206768.02463916934,204099.55003816896,792054764.0,1063918169.3964
2026-03-16,203255.65347856068,204099.55003816896,204099.55003816896,203255.65347856068,732227098.0,1037223833.9626
2026-03-17,197467.15234350294,203255.65347856068,203255.65347856068,197467.15234350294,678771224.0,951228129.2607
2026-03-18,196615.18949193403,197467.15234350294,197467.15234350294,196615.18949193403,623873102.0,876327491.3596
2026-03-19,189808.39261730516,196615.18949193403,196615.18949193403,189808.39261730516,667255422.0,935264956.1067
2026-03-20,185760.6176833791,189808.39261730516,189808.39261730516,185760.6176833791,666798387.0,964863108.6287
2026-03-23,179116.4632894387,185760.6176833791,185760.6176833791,179116.4632894387,804738850.0,1086248286.0136
2026-03-24,183791.12033448933,179116.4632894387,183791.12033448933,179116.4632894387,680622039.0,931418842.7114
2026-03-25,186437.6446380612,183791.12033448933,186437.6446380612,183791.12033448933,688343626.0,967854261.2445
2026-03-26,181526.33000958525,186437.6446380612,186437.6446380612,181526.33000958525,615973981.0,848361335.0723
2026-03-27,181291.92358295058,181526.33000958525,181526.33000958525,181291.92358295058,561342963.0,799696430.8856
2026-03-30,179479.6045500279,181291.92358295058,181291.92358295058,179479.6045500279,595589479.0,839822434.6653
2026-03-31,174860.8649750679,179479.6045500279,179479.6045500279,174860.8649750679,606704983.0,891945339.5537
2026-04-01,175868.9736557115,174860.8649750679,175868.9736557115,174860.8649750679,564611598.0,897278213.909
2026-04-02,171047.396445839,175868.9736557115,175868.9736557115,171047.396445839,544212835.0,811896566.9717
2026-04-03,164767.39695962192,171047.396445839,171047.396445839,164767.39695962192,492699082.0,713830332.0601
2026-04-07,163631.87754748046,164767.39695962192,164767.39695962192,163631.87754748046,473615076.0,723905837.2612
2026-04-08,172380.60813981033,163631.87754748046,172380.60813981033,163631.87754748046,644135352.0,1074211701.2704
2026-04-09,170902.10230997222,172380.60813981033,172380.60813981033,170902.10230997222,541569801.0,902481840.1008
2026-04-10,173271.4629541948,170902.10230997222,173271.4629541948,170902.10230997222,546415541.0,955664107.2136
2026-04-13,173459.82434239046,173271.4629541948,173459.82434239046,173271.4629541948,545781768.0,919436481.788
2026-04-14,176591.46564282945,173459.82434239046,176591.46564282945,173459.82434239046,570259003.0,998435132.0197
2026-04-15,176571.5173578691,176591.46564282945,176591.46564282945,176571.5173578691,569458589.0,1028851871.4524
2026-04-16,179770.91932621034,176571.5173578691,179770.91932621034,176571.5173578691,545876967.0,976565489.6545
2026-04-17,181886.7814953281,179770.91932621034,181886.7814953281,179770.91932621034,548791406.0,1013520660.2311
2026-04-20,184859.1096579154,181886.7814953281,184859.1096579154,181886.7814953281,589841379.0,1084578006.427
2026-04-21,185409.36944589557,184859.1096579154,185409.36944589557,184859.1096579154,576689450.0,1033349016.2144
2026-04-22,188823.10461176062,185409.36944589557,188823.10461176062,185409.36944589557,582466346.0,1093625892.3736
2026-04-23,189183.7544813519,188823.10461176062,189183.7544813519,188823.10461176062,671166092.0,1234396207.6192
2026-04-24,189669.10985094937,189183.7544813519,189669.10985094937,189183.7544813519,605031798.0,1143000195.131
2026-04-27,192865.56451969335,189669.10985094937,192865.56451969335,189669.10985094937,589950867.0,1136051921.7098
2026-04-28,191496.25364332582,192865.56451969335,192865.56451969335,191496.25364332582,600507498.0,1113955561.9355
2026-04-29,195273.72162353812,191496.25364332582,195273.72162353812,191496.25364332582,614221451.0,1126615371.0646
2026-04-30,197966.80958657287,195273.72162353812,197966.80958657287,195273.72162353812,656912728.0,1276194739.0575
2026-05-06,206553.75146402186,197966.80958657287,206553.75146402186,197966.80958657287,701177480.0,1465903193.4
2026-05-07,213319.7075107844,206553.75146402186,213319.7075107844,206553.75146402186,685574249.0,1359099509.9785
2026-05-08,217641.53346103214,213319.7075107844,217641.53346103214,213319.7075107844,697019094.0,1331673066.1308
2026-05-11,226430.45581220405,217641.53346103214,226430.45581220405,217641.53346103214,762736287.0,1584366746.2392
2026-05-12,228263.40603542453,226430.45581220405,228263.40603542453,226430.45581220405,718984002.0,1465272590.5791
2026-05-13,233860.06620077888,228263.40603542453,233860.06620077888,228263.40603542453,705018739.0,1447463947.6851
2026-05-14,233034.46374890118,233860.06620077888,233860.06620077888,233034.46374890118,764235004.0,1498116800.6216
2026-05-15,234082.67762496218,233034.46374890118,234082.67762496218,233034.46374890118,733162357.0,1519240026.4587
2026-05-18,234235.98142647248,234082.67762496218,234235.98142647248,234082.67762496218,627233137.0,1315084195.4472
2026-05-19,236082.17165160982,234235.98142647248,236082.17165160982,234235.98142647248,617611067.0,1306522478.0073
2026-05-20,236104.81964694912,236082.17165160982,236104.81964694912,236082.17165160982,624152035.0,1358926939.2202
2026-05-21,231834.69301206162,236104.81964694912,236104.81964694912,231834.69301206162,727218701.0,1595726694.7148
2026-05-22,236542.35792554892,231834.69301206162,236542.35792554892,231834.69301206162,589459644.0,1285847521.7372
2026-05-25,239654.0067792284,236542.35792554892,239654.0067792284,236542.35792554892,615930861.0,1445655378.3924
2026-05-26,238626.1059963186,239654.0067792284,239654.0067792284,238626.1059963186,654777756.0,1461685377.7477
2026-05-27,236862.72573689683,238626.1059963186,238626.1059963186,236862.72573689683,660467399.0,1473449050.9979
2026-05-28,240855.66987640335,236862.72573689683,240855.66987640335,236862.72573689683,621179950.0,1361325732.8784
2026-05-29,236980.54182010586,240855.66987640335,240855.66987640335,236980.54182010586,731597710.0,1532067352.9818
2026-06-01,235452.28945573815,236980.54182010586,236980.54182010586,235452.28945573815,676025806.0,1319801913.9509
2026-06-02,234974.19627630056,235452.28945573815,235452.28945573815,234974.19627630056,642244656.0,1280966176.1609
2026-06-03,236890.6611093421,234974.19627630056,236890.6611093421,234974.19627630056,668452583.0,1429755844.6078
2026-06-04,235227.56369824937,236890.6611093421,236890.6611093421,235227.56369824937,621194774.0,1274652182.4071
2026-06-05,236131.326200899,235227.56369824937,236131.326200899,235227.56369824937,662918577.0,1363887868.5149
2026-06-08,228015.82053297065,236131.326200899,236131.326200899,228015.82053297065,659293555.0,1267277235.7119
2026-06-09,232294.07161049658,228015.82053297065,232294.07161049658,228015.82053297065,576570090.0,1173088930.4133
2026-06-10,226786.8160027143,232294.07161049658,232294.07161049658,226786.8160027143,598694739.0,1227070067.0914
2026-06-11,223619.09127990092,226786.8160027143,226786.8160027143,223619.09127990092,568545244.0,1185554610.7341
2026-06-12,227154.7260812857,223619.09127990092,227154.7260812857,223619.09127990092,743131092.0,1537401519.4247
2026-06-15,236202.0165675103,227154.7260812857,236202.0165675103,227154.7260812857,678907811.0,1403586231.2391
2026-06-16,240921.8669301017,236202.0165675103,240921.8669301017,236202.0165675103,615668296.0,1369612989.6744
2026-06-17,243703.4181826012,240921.8669301017,243703.4181826012,240921.8669301017,608077413.0,1403145909.875
2026-06-18,245864.88499375415,243703.4181826012,245864.88499375415,243703.4181826012,658116068.0,1560473972.7154
2026-06-22,253236.29354132694,245864.88499375415,253236.29354132694,245864.88499375415,743699355.0,1704000421.6505
2026-06-23,252321.1005417526,253236.29354132694,253236.29354132694,252321.1005417526,709003913.0,1594542362.3801
2026-06-24,254589.8157688395,252321.1005417526,254589.8157688395,252321.1005417526,644527518.0,1514193285.0004
2026-06-25,257166.66127164772,254589.8157688395,257166.66127164772,254589.8157688395,670459917.0,1618996555.0156
2026-06-26,253266.1157873284,257166.66127164772,257166.66127164772,253266.1157873284,660108666.0,1621195708.6597
2026-06-29,255062.26206993425,253266.1157873284,255062.26206993425,253266.1157873284,659199936.0,1666220369.4673
2026-06-30,262799.8217056269,255062.26206993425,262799.8217056269,255062.26206993425,598412203.0,1530325961.7252
2026-07-01,267381.86351878097,262799.8217056269,267381.86351878097,262799.8217056269,672331791.0,1698487572.3128
2026-07-02,260685.20676088336,267381.86351878097,267381.86351878097,260685.20676088336,656233612.0,1577183734.7467
2026-07-03,259465.36150489835,260685.20676088336,260685.20676088336,259465.36150489835,602009738.0,1465563104.8537
2026-07-06,253667.84604870583,259465.36150489835,259465.36150489835,253667.84604870583,590364903.0,1432112821.0992
2026-07-07,244633.47515949077,253667.84604870583,253667.84604870583,244633.47515949077,514453091.0,1196371087.8944
2026-07-08,236725.4705137226,244633.47515949077,244633.47515949077,236725.4705137226,496229374.0,1192355798.2157
2026-07-09,241735.65272589467,236725.4705137226,241735.65272589467,236725.4705137226,553063980.0,1364176552.6206
2026-07-10,241156.96418665248,241735.65272589467,241735.65272589467,241156.96418665248,627450065.0,1563108691.5427
2026-07-13,227949.94810696124,241156.96418665248,241156.96418665248,227949.94810696124,590907356.0,1334871933.909
2026-07-14,230092.641140996,227949.94810696124,230092.641140996,227949.94810696124,579982052.0,1271796839.6785
2026-07-15,223775.36548998003,230092.641140996,230092.641140996,223775.36548998003,576209492.0,1226298269.8972
2026-07-16,216618.43945221714,223775.36548998003,223775.36548998003,216618.43945221714,535281873.0,1124208166.2138
2026-07-17,203435.1372617825,216618.43945221714,216618.43945221714,203435.1372617825,650450984.0,1246445452.8363
2026-07-20,197121.2746797802,203435.1372617825,203435.1372617825,197121.2746797802,709234069.0,1294651895.8447
2026-07-21,208623.61739044034,197121.2746797802,208623.61739044034,197121.2746797802,735021925.0,1396517619.5639
2026-07-22,206596.34992666895,208623.61739044034,208623.61739044034,206596.34992666895,614255215.0,1258148128.16
2026-07-23,204877.11015182396,206596.34992666895,206596.34992666895,204877.11015182396,562122601.0,1025875517.7001
2026-07-24,195889.3912866836,204877.11015182396,204877.11015182396,195889.3912866836,508203905.0,915366398.2926
2026-07-27,199719.90987517996,195889.3912866836,199719.90987517996,195889.3912866836,504879454.0,1031312143.0652
2026-07-28,191448.37437064864,199719.90987517996,199719.90987517996,191448.37437064864,494829126.0,949683080.1264
2026-07-29,192049.2525756455,191448.37437064864,192049.2525756455,191448.37437064864,571226391.0,1087407759.0961
2026-07-30,185366.259153323,192049.2525756455,192049.2525756455,185366.259153323,592298923.0,1106477266.4618
2026-07-31,191386.01871735416,185366.259153323,191386.01871735416,185366.259153323,597529427.0,1187681546.3933
2026-08-03,188211.5433092065,191386.01871735416,191386.01871735416,188211.5433092065,524516960.0,952256890.1023
2026-08-04,192274.97774447597,188211.5433092065,192274.97774447597,188211.5433092065,540324922.0,1008382536.9054
2026-08-05,198791.2895228476,192274.97774447597,198791.2895228476,192274.97774447597,592155124.0,1208723017.752
2026-08-06,201541.7185954663,198791.2895228476,201541.7185954663,198791.2895228476,588555280.0,1166818677.2252
2026-08-07,206013.564147615,201541.7185954663,206013.564147615,201541.7185954663,564988582.0,1209543573.2944
2026-08-10,206904.51677296197,206013.564147615,206904.51677296197,206013.564147615,542118110.0,1166893282.3538
2026-08-11,203635.98873259083,206904.51677296197,206904.51677296197,203635.98873259083,529490944.0,1066737091.8231
2026-08-12,203713.53378906497,203635.98873259083,203713.53378906497,203635.98873259083,503257011.0,986122393.8171
2026-08-13,201195.09265555008,203713.53378906497,203713.53378906497,201195.09265555008,572793677.0,1164203068.5298
2026-08-14,200288.56554261953,201195.09265555008,201195.09265555008,200288.56554261953,499525613.0,990371924.2377
2026-08-17,204014.93580112886,200288.56554261953,204014.93580112886,200288.56554261953,489834027.0,1112818620.627
2026-08-18,202745.7849497092,204014.93580112886,204014.93580112886,202745.7849497092,511234287.0,1135187666.3953
2026-08-19,192191.2773067235,202745.7849497092,202745.7849497092,192191.2773067235,572191213.0,1218107974.0561
2026-08-20,191711.6006041311,192191.2773067235,192191.2773067235,191711.6006041311,506633954.0,1018568353.1768
2026-08-21,188427.16995469123,191711.6006041311,191711.6006041311,188427.16995469123,446895868.0,883423480.0986
2026-08-24,183284.33645532277,188427.16995469123,188427.16995469123,183284.33645532277,486931412.0,952039262.5005
2026-08-25,181694.14305331267,183284.33645532277,183284.33645532277,181694.14305331267,464117264.0,858874228.9218
2026-08-26,179006.98933504915,181694.14305331267,181694.14305331267,179006.98933504915,489553021.0,857223487.9933
2026-08-27,182290.49650411442,179006.98933504915,182290.49650411442,179006.98933504915,516777549.0,1010226573.9546
2026-08-28,180798.33524871327,182290.49650411442,182290.49650411442,180798.33524871327,510581645.0,970365152.1129
2026-08-31,181720.8348087898,180798.33524871327,181720.8348087898,180798.33524871327,576656606.0,1014292552.0537
2026-09-01,179784.06244924077,181720.8348087898,181720.8348087898,179784.06244924077,573538949.0,944307561.3568
2026-09-02,175555.31938057992,179784.06244924077,179784.06244924077,175555.31938057992,516472775.0,835367755.8995
2026-09-03,172406.15401233992,175555.31938057992,175555.31938057992,172406.15401233992,496990189.0,819882350.383
2026-09-04,170116.45304902314,172406.15401233992,172406.15401233992,170116.45304902314,537286161.0,938255187.1843
2026-09-07,170673.84472608857,170116.45304902314,170673.84472608857,170116.45304902314,477375261.0,897904014.8692
2026-09-08,170219.87447363063,170673.84472608857,170673.84472608857,170219.87447363063,529992688.0,915566238.9488
2026-09-09,168745.7093957499,170219.87447363063,170219.87447363063,168745.7093957499,517504311.0,873734897.1056
2026-09-10,164498.6842285669,168745.7093957499,168745.7093957499,164498.6842285669,484675114.0,779672692.2697
2026-09-11,162709.54793487946,164498.6842285669,164498.6842285669,162709.54793487946,579123145.0,958186336.9701
2026-09-14,161269.69623052233,162709.54793487946,162709.54793487946,161269.69623052233,458888916.0,779281246.4972
2026-09-15,158170.091458168,161269.69623052233,161269.69623052233,158170.091458168,440907766.0,763982900.0363
2026-09-16,160725.36321183553,158170.091458168,160725.36321183553,158170.091458168,459125108.0,871141346.8521
2026-09-17,159214.9720764351,160725.36321183553,160725.36321183553,159214.9720764351,452886464.0,868773066.8502
2026-09-18,162727.62353987148,159214.9720764351,162727.62353987148,159214.9720764351,485712507.0,994169450.1662
