date,time,amv,volume_candidate,amount_candidate,source_file
2024-04-01,09:30:59,90346.1015625,2968572928.0,31379625984.0,Z_SK0AMV20240401.fde
2024-04-01,09:31:59,90410.3984375,4922422272.0,52229001216.0,Z_SK0AMV20240401.fde
2024-04-01,09:32:59,90519.703125,6579588608.0,70222979072.0,Z_SK0AMV20240401.fde
2024-04-01,09:33:59,90696.8046875,8112901632.0,86464954368.0,Z_SK0AMV20240401.fde
2024-04-01,09:34:59,90940.8046875,9510729728.0,101345026048.0,Z_SK0AMV20240401.fde
2024-04-01,09:35:59,91050.3046875,10819208192.0,115430744064.0,Z_SK0AMV20240401.fde
2024-04-01,09:36:59,91038.6015625,12011005952.0,128763822080.0,Z_SK0AMV20240401.fde
2024-04-01,09:37:59,91359.8984375,13269706752.0,142125121536.0,Z_SK0AMV20240401.fde
2024-04-01,09:38:59,91448.0,14350780416.0,154147749888.0,Z_SK0AMV20240401.fde
2024-04-01,09:39:59,91463.3984375,15345549312.0,165312020480.0,Z_SK0AMV20240401.fde
2024-04-01,09:40:59,91528.8046875,16304590848.0,176292790272.0,Z_SK0AMV20240401.fde
2024-04-01,09:41:59,91537.1015625,17284698112.0,187256422400.0,Z_SK0AMV20240401.fde
2024-04-01,09:42:59,91573.203125,18216110080.0,197521309696.0,Z_SK0AMV20240401.fde
2024-04-01,09:43:59,91636.6015625,19063746560.0,207094120448.0,Z_SK0AMV20240401.fde
2024-04-01,09:44:59,91630.6015625,19841501184.0,216325341184.0,Z_SK0AMV20240401.fde
2024-04-01,09:45:59,91628.6015625,20678985728.0,225995866112.0,Z_SK0AMV20240401.fde
2024-04-01,09:46:59,91684.6015625,21455570944.0,234805788672.0,Z_SK0AMV20240401.fde
2024-04-01,09:47:59,91684.6015625,22205235200.0,244022411264.0,Z_SK0AMV20240401.fde
2024-04-01,09:48:59,91580.0,23034730496.0,253435707392.0,Z_SK0AMV20240401.fde
2024-04-01,09:49:59,91525.703125,23787745280.0,262076678144.0,Z_SK0AMV20240401.fde
2024-04-01,09:50:59,91541.0,24573779968.0,270957821952.0,Z_SK0AMV20240401.fde
2024-04-01,09:51:59,91722.3984375,25324042240.0,279248896000.0,Z_SK0AMV20240401.fde
2024-04-01,09:52:59,91781.3046875,25915125760.0,286326456320.0,Z_SK0AMV20240401.fde
2024-04-01,09:53:59,91855.203125,26493345792.0,293244108800.0,Z_SK0AMV20240401.fde
2024-04-01,09:54:59,91901.8046875,27113570304.0,300394151936.0,Z_SK0AMV20240401.fde
2024-04-01,09:55:59,91924.8046875,27639171072.0,306707136512.0,Z_SK0AMV20240401.fde
2024-04-01,09:56:59,91930.3984375,28191254528.0,313146179584.0,Z_SK0AMV20240401.fde
2024-04-01,09:57:59,91926.8046875,28723757056.0,319668912128.0,Z_SK0AMV20240401.fde
2024-04-01,09:58:59,91983.3046875,29257136128.0,326187024384.0,Z_SK0AMV20240401.fde
2024-04-01,09:59:59,92013.203125,29772701696.0,332316049408.0,Z_SK0AMV20240401.fde
2024-04-01,10:00:59,92190.8046875,30423107584.0,339596279808.0,Z_SK0AMV20240401.fde
2024-04-01,10:01:59,92200.1015625,31054032896.0,347004469248.0,Z_SK0AMV20240401.fde
2024-04-01,10:02:59,92143.203125,31615705088.0,353640710144.0,Z_SK0AMV20240401.fde
2024-04-01,10:03:59,92085.203125,32097392640.0,359256162304.0,Z_SK0AMV20240401.fde
2024-04-01,10:04:59,92058.8046875,32587673600.0,364991938560.0,Z_SK0AMV20240401.fde
2024-04-01,10:05:59,92112.703125,33095434240.0,370654412800.0,Z_SK0AMV20240401.fde
2024-04-01,10:06:59,92092.5,33536194560.0,375972888576.0,Z_SK0AMV20240401.fde
2024-04-01,10:07:59,92069.3046875,33959786496.0,381069230080.0,Z_SK0AMV20240401.fde
2024-04-01,10:08:59,92039.703125,34451058688.0,386306605056.0,Z_SK0AMV20240401.fde
2024-04-01,10:09:59,92008.0,34936139776.0,391767621632.0,Z_SK0AMV20240401.fde
2024-04-01,10:10:59,92090.3046875,35433635840.0,397260259328.0,Z_SK0AMV20240401.fde
2024-04-01,10:11:59,92147.3046875,35883442176.0,402164219904.0,Z_SK0AMV20240401.fde
2024-04-01,10:12:59,92167.1015625,36314218496.0,406946119680.0,Z_SK0AMV20240401.fde
2024-04-01,10:13:59,92191.0,36716040192.0,411635580928.0,Z_SK0AMV20240401.fde
2024-04-01,10:14:59,92232.203125,37109313536.0,416348045312.0,Z_SK0AMV20240401.fde
2024-04-01,10:15:59,92281.203125,37516214272.0,421067128832.0,Z_SK0AMV20240401.fde
2024-04-01,10:16:59,92285.203125,37894189056.0,425402073088.0,Z_SK0AMV20240401.fde
2024-04-01,10:17:59,92348.6015625,38437429248.0,430906245120.0,Z_SK0AMV20240401.fde
2024-04-01,10:18:59,92357.8984375,38854422528.0,435368427520.0,Z_SK0AMV20240401.fde
2024-04-01,10:19:59,92335.703125,39251714048.0,439585800192.0,Z_SK0AMV20240401.fde
2024-04-01,10:20:59,92433.203125,39671201792.0,444222603264.0,Z_SK0AMV20240401.fde
2024-04-01,10:21:59,92520.8984375,40196534272.0,449715535872.0,Z_SK0AMV20240401.fde
2024-04-01,10:22:59,92503.8046875,40579399680.0,454193807360.0,Z_SK0AMV20240401.fde
2024-04-01,10:23:59,92477.3984375,40928149504.0,458202906624.0,Z_SK0AMV20240401.fde
2024-04-01,10:24:59,92470.0,41273491456.0,462036959232.0,Z_SK0AMV20240401.fde
2024-04-01,10:25:59,92478.1015625,41627189248.0,466098356224.0,Z_SK0AMV20240401.fde
2024-04-01,10:26:59,92523.1015625,41987518464.0,470101262336.0,Z_SK0AMV20240401.fde
2024-04-01,10:27:59,92569.8046875,42325708800.0,473909985280.0,Z_SK0AMV20240401.fde
2024-04-01,10:28:59,92607.0,42693275648.0,478019059712.0,Z_SK0AMV20240401.fde
2024-04-01,10:29:59,92640.5,43034546176.0,482071052288.0,Z_SK0AMV20240401.fde
2024-04-01,10:30:59,92622.703125,43366178816.0,485871190016.0,Z_SK0AMV20240401.fde
2024-04-01,10:31:59,92658.8046875,43706368000.0,490057498624.0,Z_SK0AMV20240401.fde
2024-04-01,10:32:59,92655.3046875,44079181824.0,494296563712.0,Z_SK0AMV20240401.fde
2024-04-01,10:33:59,92622.8046875,44414156800.0,498237898752.0,Z_SK0AMV20240401.fde
2024-04-01,10:34:59,92712.5,44767350784.0,502539780096.0,Z_SK0AMV20240401.fde
2024-04-01,10:35:59,92694.203125,45107281920.0,506756530176.0,Z_SK0AMV20240401.fde
2024-04-01,10:36:59,92640.6015625,45457231872.0,510659887104.0,Z_SK0AMV20240401.fde
2024-04-01,10:37:59,92581.8984375,45775867904.0,514376990720.0,Z_SK0AMV20240401.fde
2024-04-01,10:38:59,92568.3984375,46112358400.0,518120144896.0,Z_SK0AMV20240401.fde
2024-04-01,10:39:59,92548.703125,46382514176.0,521255288832.0,Z_SK0AMV20240401.fde
2024-04-01,10:40:59,92532.3984375,46661783552.0,524674433024.0,Z_SK0AMV20240401.fde
2024-04-01,10:41:59,92594.6015625,46956138496.0,528296411136.0,Z_SK0AMV20240401.fde
2024-04-01,10:42:59,92570.203125,47207321600.0,531273547776.0,Z_SK0AMV20240401.fde
2024-04-01,10:43:59,92501.8046875,47493603328.0,534572826624.0,Z_SK0AMV20240401.fde
2024-04-01,10:44:59,92446.1015625,47812763648.0,538020904960.0,Z_SK0AMV20240401.fde
2024-04-01,10:45:59,92369.703125,48185307136.0,541936877568.0,Z_SK0AMV20240401.fde
2024-04-01,10:46:59,92324.3046875,48531656704.0,545729216512.0,Z_SK0AMV20240401.fde
2024-04-01,10:47:59,92333.703125,48805969920.0,548894277632.0,Z_SK0AMV20240401.fde
2024-04-01,10:48:59,92407.5,49105055744.0,552212299776.0,Z_SK0AMV20240401.fde
2024-04-01,10:49:59,92410.203125,49343029248.0,555010752512.0,Z_SK0AMV20240401.fde
2024-04-01,10:50:59,92444.203125,49612365824.0,557914193920.0,Z_SK0AMV20240401.fde
2024-04-01,10:51:59,92486.3046875,49892483072.0,561037377536.0,Z_SK0AMV20240401.fde
2024-04-01,10:52:59,92474.3046875,50133368832.0,563765444608.0,Z_SK0AMV20240401.fde
2024-04-01,10:53:59,92470.0,50348306432.0,566214918144.0,Z_SK0AMV20240401.fde
2024-04-01,10:54:59,92476.6015625,50591653888.0,568808701952.0,Z_SK0AMV20240401.fde
2024-04-01,10:55:59,92479.8984375,50805325824.0,571214921728.0,Z_SK0AMV20240401.fde
2024-04-01,10:56:59,92479.703125,51016880128.0,573752803328.0,Z_SK0AMV20240401.fde
2024-04-01,10:57:59,92476.703125,51227152384.0,576175079424.0,Z_SK0AMV20240401.fde
2024-04-01,10:58:59,92447.8046875,51446865920.0,578667347968.0,Z_SK0AMV20240401.fde
2024-04-01,10:59:59,92424.6015625,51659882496.0,581088378880.0,Z_SK0AMV20240401.fde
2024-04-01,11:00:59,92439.5,51878064128.0,583603060736.0,Z_SK0AMV20240401.fde
2024-04-01,11:01:59,92479.8984375,52137467904.0,586581475328.0,Z_SK0AMV20240401.fde
2024-04-01,11:02:59,92445.8046875,52379705344.0,589341523968.0,Z_SK0AMV20240401.fde
2024-04-01,11:03:59,92441.1015625,52599365632.0,591764914176.0,Z_SK0AMV20240401.fde
2024-04-01,11:04:59,92392.5,52826546176.0,594365775872.0,Z_SK0AMV20240401.fde
2024-04-01,11:05:59,92384.8046875,53034033152.0,596705607680.0,Z_SK0AMV20240401.fde
2024-04-01,11:06:59,92374.6015625,53244882944.0,599111892992.0,Z_SK0AMV20240401.fde
2024-04-01,11:07:59,92378.203125,53470490624.0,601560907776.0,Z_SK0AMV20240401.fde
2024-04-01,11:08:59,92368.1015625,53668868096.0,603786641408.0,Z_SK0AMV20240401.fde
2024-04-01,11:09:59,92336.203125,53886676992.0,606160748544.0,Z_SK0AMV20240401.fde
2024-04-01,11:10:59,92298.8984375,54082609152.0,608340606976.0,Z_SK0AMV20240401.fde
2024-04-01,11:11:59,92262.1015625,54294142976.0,610739224576.0,Z_SK0AMV20240401.fde
2024-04-01,11:12:59,92242.1015625,54482759680.0,612811210752.0,Z_SK0AMV20240401.fde
2024-04-01,11:13:59,92231.0,54665068544.0,614836207616.0,Z_SK0AMV20240401.fde
2024-04-01,11:14:59,92214.3046875,54845693952.0,616868413440.0,Z_SK0AMV20240401.fde
2024-04-01,11:15:59,92140.203125,55080652800.0,619438080000.0,Z_SK0AMV20240401.fde
2024-04-01,11:16:59,92072.0,55368216576.0,622598815744.0,Z_SK0AMV20240401.fde
2024-04-01,11:17:59,92058.8046875,55580459008.0,625047437312.0,Z_SK0AMV20240401.fde
2024-04-01,11:18:59,92180.0,55882829824.0,628260077568.0,Z_SK0AMV20240401.fde
2024-04-01,11:19:59,92199.8984375,56084697088.0,630368239616.0,Z_SK0AMV20240401.fde
2024-04-01,11:20:59,92245.5,56293842944.0,632760238080.0,Z_SK0AMV20240401.fde
2024-04-01,11:21:59,92243.3984375,56472174592.0,634931118080.0,Z_SK0AMV20240401.fde
2024-04-01,11:22:59,92235.703125,56658739200.0,637011886080.0,Z_SK0AMV20240401.fde
2024-04-01,11:23:59,92234.5,56840523776.0,639054053376.0,Z_SK0AMV20240401.fde
2024-04-01,11:24:59,92211.8046875,57018228736.0,641071906816.0,Z_SK0AMV20240401.fde
2024-04-01,11:25:59,92217.3984375,57199898624.0,643204579328.0,Z_SK0AMV20240401.fde
2024-04-01,11:26:59,92212.8046875,57387511808.0,645350227968.0,Z_SK0AMV20240401.fde
2024-04-01,11:27:59,92203.5,57560961024.0,647380336640.0,Z_SK0AMV20240401.fde
2024-04-01,11:28:59,92165.203125,57731661824.0,649390456832.0,Z_SK0AMV20240401.fde
2024-04-01,11:29:59,92175.3046875,57982099456.0,652231442432.0,Z_SK0AMV20240401.fde
2024-04-01,13:00:59,92261.6015625,58524106752.0,657584685056.0,Z_SK0AMV20240401.fde
2024-04-01,13:01:59,92275.5,58783232000.0,660683292672.0,Z_SK0AMV20240401.fde
2024-04-01,13:02:59,92219.203125,59017531392.0,663586340864.0,Z_SK0AMV20240401.fde
2024-04-01,13:03:59,92225.203125,59238936576.0,666223837184.0,Z_SK0AMV20240401.fde
2024-04-01,13:04:59,92187.3984375,59462258688.0,668933816320.0,Z_SK0AMV20240401.fde
2024-04-01,13:05:59,92120.203125,59748155392.0,672129220608.0,Z_SK0AMV20240401.fde
2024-04-01,13:06:59,92065.3984375,60007104512.0,675029057536.0,Z_SK0AMV20240401.fde
2024-04-01,13:07:59,92083.3984375,60245471232.0,677834326016.0,Z_SK0AMV20240401.fde
2024-04-01,13:08:59,92077.8984375,60469952512.0,680381054976.0,Z_SK0AMV20240401.fde
2024-04-01,13:09:59,92105.703125,60702740480.0,683064623104.0,Z_SK0AMV20240401.fde
2024-04-01,13:10:59,92111.703125,60928831488.0,685683900416.0,Z_SK0AMV20240401.fde
2024-04-01,13:11:59,92112.6015625,61162450944.0,688421601280.0,Z_SK0AMV20240401.fde
2024-04-01,13:12:59,92118.203125,61390077952.0,691021742080.0,Z_SK0AMV20240401.fde
2024-04-01,13:13:59,92122.8046875,61628973056.0,693710618624.0,Z_SK0AMV20240401.fde
2024-04-01,13:14:59,92137.6015625,61877055488.0,696499437568.0,Z_SK0AMV20240401.fde
2024-04-01,13:15:59,92100.1015625,62133796864.0,699435450368.0,Z_SK0AMV20240401.fde
2024-04-01,13:16:59,92070.3046875,62385922048.0,702181736448.0,Z_SK0AMV20240401.fde
2024-04-01,13:17:59,91960.0,62774091776.0,706257616896.0,Z_SK0AMV20240401.fde
2024-04-01,13:18:59,91917.8046875,63039029248.0,709278171136.0,Z_SK0AMV20240401.fde
2024-04-01,13:19:59,91898.0,63273787392.0,712024588288.0,Z_SK0AMV20240401.fde
2024-04-01,13:20:59,91860.3046875,63503220736.0,714681155584.0,Z_SK0AMV20240401.fde
2024-04-01,13:21:59,91862.3984375,63725842432.0,717238435840.0,Z_SK0AMV20240401.fde
2024-04-01,13:22:59,91892.5,63932551168.0,719663595520.0,Z_SK0AMV20240401.fde
2024-04-01,13:23:59,91899.8046875,64147243008.0,722033311744.0,Z_SK0AMV20240401.fde
2024-04-01,13:24:59,91909.8984375,64358744064.0,724365672448.0,Z_SK0AMV20240401.fde
2024-04-01,13:25:59,91949.5,64603947008.0,727071850496.0,Z_SK0AMV20240401.fde
2024-04-01,13:26:59,91965.6015625,64843796480.0,729781436416.0,Z_SK0AMV20240401.fde
2024-04-01,13:27:59,91957.8984375,65066893312.0,732402417664.0,Z_SK0AMV20240401.fde
2024-04-01,13:28:59,91926.8046875,65297248256.0,735048826880.0,Z_SK0AMV20240401.fde
2024-04-01,13:29:59,91904.6015625,65519149056.0,737407598592.0,Z_SK0AMV20240401.fde
2024-04-01,13:30:59,91865.3046875,65746702336.0,739977658368.0,Z_SK0AMV20240401.fde
2024-04-01,13:31:59,91824.0,65987284992.0,742685540352.0,Z_SK0AMV20240401.fde
2024-04-01,13:32:59,91725.6015625,66374340608.0,746869358592.0,Z_SK0AMV20240401.fde
2024-04-01,13:33:59,91709.6015625,66657845248.0,749983498240.0,Z_SK0AMV20240401.fde
2024-04-01,13:34:59,91752.3046875,66915807232.0,752925868032.0,Z_SK0AMV20240401.fde
2024-04-01,13:35:59,91757.5,67169329152.0,755612123136.0,Z_SK0AMV20240401.fde
2024-04-01,13:36:59,91750.8984375,67394629632.0,758079029248.0,Z_SK0AMV20240401.fde
2024-04-01,13:37:59,91734.0,67604262912.0,760414535680.0,Z_SK0AMV20240401.fde
2024-04-01,13:38:59,91729.3984375,67794423808.0,762705018880.0,Z_SK0AMV20240401.fde
2024-04-01,13:39:59,91704.203125,67997126656.0,765009526784.0,Z_SK0AMV20240401.fde
2024-04-01,13:40:59,91668.203125,68199329792.0,767286312960.0,Z_SK0AMV20240401.fde
2024-04-01,13:41:59,91627.1015625,68408979456.0,769762590720.0,Z_SK0AMV20240401.fde
2024-04-01,13:42:59,91559.3046875,68711866368.0,773004263424.0,Z_SK0AMV20240401.fde
2024-04-01,13:43:59,91529.3046875,68954292224.0,775674724352.0,Z_SK0AMV20240401.fde
2024-04-01,13:44:59,91520.203125,69193433088.0,778286202880.0,Z_SK0AMV20240401.fde
2024-04-01,13:45:59,91511.8046875,69412102144.0,780775784448.0,Z_SK0AMV20240401.fde
2024-04-01,13:46:59,91561.6015625,69645500416.0,783418654720.0,Z_SK0AMV20240401.fde
2024-04-01,13:47:59,91572.5,69829844992.0,785557749760.0,Z_SK0AMV20240401.fde
2024-04-01,13:48:59,91571.703125,70009921536.0,787592773632.0,Z_SK0AMV20240401.fde
2024-04-01,13:49:59,91549.8984375,70191587328.0,789591228416.0,Z_SK0AMV20240401.fde
2024-04-01,13:50:59,91518.0,70377873408.0,791740809216.0,Z_SK0AMV20240401.fde
2024-04-01,13:51:59,91474.8046875,70582075392.0,794071662592.0,Z_SK0AMV20240401.fde
2024-04-01,13:52:59,91464.1015625,70756311040.0,796075294720.0,Z_SK0AMV20240401.fde
2024-04-01,13:53:59,91455.5,70923051008.0,797969481728.0,Z_SK0AMV20240401.fde
2024-04-01,13:54:59,91472.3984375,71104643072.0,800023707648.0,Z_SK0AMV20240401.fde
2024-04-01,13:55:59,91504.8046875,71325016064.0,802418393088.0,Z_SK0AMV20240401.fde
2024-04-01,13:56:59,91518.8046875,71528628224.0,804604018688.0,Z_SK0AMV20240401.fde
2024-04-01,13:57:59,91524.703125,71713603584.0,806661259264.0,Z_SK0AMV20240401.fde
2024-04-01,13:58:59,91526.8046875,71896449024.0,808781086720.0,Z_SK0AMV20240401.fde
2024-04-01,13:59:59,91535.8984375,72083210240.0,810839113728.0,Z_SK0AMV20240401.fde
2024-04-01,14:00:59,91534.3984375,72272084992.0,813035683840.0,Z_SK0AMV20240401.fde
2024-04-01,14:01:59,91518.703125,72470429696.0,815188606976.0,Z_SK0AMV20240401.fde
2024-04-01,14:02:59,91486.3046875,72667422720.0,817358503936.0,Z_SK0AMV20240401.fde
2024-04-01,14:03:59,91460.5,72866209792.0,819503431680.0,Z_SK0AMV20240401.fde
2024-04-01,14:04:59,91445.203125,73052725248.0,821543305216.0,Z_SK0AMV20240401.fde
2024-04-01,14:05:59,91431.3046875,73231425536.0,823527342080.0,Z_SK0AMV20240401.fde
2024-04-01,14:06:59,91420.0,73407897600.0,825492045824.0,Z_SK0AMV20240401.fde
2024-04-01,14:07:59,91413.1015625,73590341632.0,827517698048.0,Z_SK0AMV20240401.fde
2024-04-01,14:08:59,91415.0,73771646976.0,829609410560.0,Z_SK0AMV20240401.fde
2024-04-01,14:09:59,91428.1015625,73966157824.0,831774982144.0,Z_SK0AMV20240401.fde
2024-04-01,14:10:59,91405.203125,74177019904.0,833991081984.0,Z_SK0AMV20240401.fde
2024-04-01,14:11:59,91382.8984375,74361085952.0,835923214336.0,Z_SK0AMV20240401.fde
2024-04-01,14:12:59,91375.203125,74545815552.0,837954371584.0,Z_SK0AMV20240401.fde
2024-04-01,14:13:59,91346.1015625,74716389376.0,839980941312.0,Z_SK0AMV20240401.fde
2024-04-01,14:14:59,91292.8046875,74934763520.0,842462920704.0,Z_SK0AMV20240401.fde
2024-04-01,14:15:59,91255.703125,75161649152.0,844892340224.0,Z_SK0AMV20240401.fde
2024-04-01,14:16:59,91251.703125,75353726976.0,847104507904.0,Z_SK0AMV20240401.fde
2024-04-01,14:17:59,91268.3984375,75548377088.0,849316020224.0,Z_SK0AMV20240401.fde
2024-04-01,14:18:59,91294.8984375,75746697216.0,851624132608.0,Z_SK0AMV20240401.fde
2024-04-01,14:19:59,91308.8984375,75948228608.0,853897052160.0,Z_SK0AMV20240401.fde
2024-04-01,14:20:59,91321.5,76153700352.0,856234065920.0,Z_SK0AMV20240401.fde
2024-04-01,14:21:59,91329.6015625,76367413248.0,858626457600.0,Z_SK0AMV20240401.fde
2024-04-01,14:22:59,91366.6015625,76610379776.0,861276798976.0,Z_SK0AMV20240401.fde
2024-04-01,14:23:59,91387.0,76860645376.0,863982911488.0,Z_SK0AMV20240401.fde
2024-04-01,14:24:59,91376.8984375,77095010304.0,866660319232.0,Z_SK0AMV20240401.fde
2024-04-01,14:25:59,91367.5,77295730688.0,868968169472.0,Z_SK0AMV20240401.fde
2024-04-01,14:26:59,91362.1015625,77496459264.0,871278051328.0,Z_SK0AMV20240401.fde
2024-04-01,14:27:59,91334.0,77699743744.0,873645801472.0,Z_SK0AMV20240401.fde
2024-04-01,14:28:59,91328.3984375,77929160704.0,875944804352.0,Z_SK0AMV20240401.fde
2024-04-01,14:29:59,91328.1015625,78155767808.0,878487404544.0,Z_SK0AMV20240401.fde
2024-04-01,14:30:59,91309.0,78398242816.0,881141874688.0,Z_SK0AMV20240401.fde
2024-04-01,14:31:59,91310.703125,78614863872.0,883492061184.0,Z_SK0AMV20240401.fde
2024-04-01,14:32:59,91296.203125,78838030336.0,886009954304.0,Z_SK0AMV20240401.fde
2024-04-01,14:33:59,91310.3984375,79071469568.0,888581718016.0,Z_SK0AMV20240401.fde
2024-04-01,14:34:59,91347.0,79356321792.0,891665121280.0,Z_SK0AMV20240401.fde
2024-04-01,14:35:59,91383.5,79692898304.0,895203540992.0,Z_SK0AMV20240401.fde
2024-04-01,14:36:59,91387.703125,79982632960.0,898327576576.0,Z_SK0AMV20240401.fde
2024-04-01,14:37:59,91417.0,80280010752.0,901560795136.0,Z_SK0AMV20240401.fde
2024-04-01,14:38:59,91404.3984375,80548536320.0,904598323200.0,Z_SK0AMV20240401.fde
2024-04-01,14:39:59,91383.3984375,80816283648.0,907688804352.0,Z_SK0AMV20240401.fde
2024-04-01,14:40:59,91364.5,81108926464.0,910909177856.0,Z_SK0AMV20240401.fde
2024-04-01,14:41:59,91356.8046875,81396211712.0,914024431616.0,Z_SK0AMV20240401.fde
2024-04-01,14:42:59,91352.6015625,81700929536.0,917283667968.0,Z_SK0AMV20240401.fde
2024-04-01,14:43:59,91349.0,82018197504.0,920603590656.0,Z_SK0AMV20240401.fde
2024-04-01,14:44:59,91366.5,82336899072.0,924078899200.0,Z_SK0AMV20240401.fde
2024-04-01,14:45:59,91379.203125,82691481600.0,927925075968.0,Z_SK0AMV20240401.fde
2024-04-01,14:46:59,91380.6015625,83032072192.0,931741237248.0,Z_SK0AMV20240401.fde
2024-04-01,14:47:59,91427.8046875,83461513216.0,936380268544.0,Z_SK0AMV20240401.fde
2024-04-01,14:48:59,91443.6015625,83871784960.0,940761481216.0,Z_SK0AMV20240401.fde
2024-04-01,14:49:59,91462.6015625,84293083136.0,945353064448.0,Z_SK0AMV20240401.fde
2024-04-01,14:50:59,91456.8046875,84715569152.0,949991571456.0,Z_SK0AMV20240401.fde
2024-04-01,14:51:59,91452.8046875,85147172864.0,954804600832.0,Z_SK0AMV20240401.fde
2024-04-01,14:52:59,91461.0,85589770240.0,959670386688.0,Z_SK0AMV20240401.fde
2024-04-01,14:53:59,91473.8046875,86064660480.0,964796612608.0,Z_SK0AMV20240401.fde
2024-04-01,14:54:59,91504.3046875,86586007552.0,970462724096.0,Z_SK0AMV20240401.fde
2024-04-01,14:55:59,91530.8984375,87140548608.0,976632872960.0,Z_SK0AMV20240401.fde
2024-04-01,14:56:59,91569.8046875,87784177664.0,983665934336.0,Z_SK0AMV20240401.fde
2024-04-01,14:57:59,91576.8984375,88097112064.0,987145175040.0,Z_SK0AMV20240401.fde
2024-04-01,14:58:59,91548.8046875,88097112064.0,987145175040.0,Z_SK0AMV20240401.fde
